{
  "hash": "b6d94877",
  "configHash": "2b9a4e31",
  "lockfileHash": "3ff19bc7",
  "browserHash": "9d2695f5",
  "optimized": {
    "@angular/common/http": {
      "src": "../../../../../node_modules/@angular/common/fesm2022/http.mjs",
      "file": "@angular_common_http.js",
      "fileHash": "a54baf0e",
      "needsInterop": false
    },
    "@angular/core": {
      "src": "../../../../../node_modules/@angular/core/fesm2022/core.mjs",
      "file": "@angular_core.js",
      "fileHash": "0db35b3c",
      "needsInterop": false
    },
    "@angular/material/table": {
      "src": "../../../../../node_modules/@angular/material/fesm2022/table.mjs",
      "file": "@angular_material_table.js",
      "fileHash": "c329586f",
      "needsInterop": false
    },
    "@angular/platform-browser": {
      "src": "../../../../../node_modules/@angular/platform-browser/fesm2022/platform-browser.mjs",
      "file": "@angular_platform-browser.js",
      "fileHash": "994eb5d9",
      "needsInterop": false
    },
    "@angular/router": {
      "src": "../../../../../node_modules/@angular/router/fesm2022/router.mjs",
      "file": "@angular_router.js",
      "fileHash": "30373ef7",
      "needsInterop": false
    },
    "@angular/common": {
      "src": "../../../../../node_modules/@angular/common/fesm2022/common.mjs",
      "file": "@angular_common.js",
      "fileHash": "c6867e39",
      "needsInterop": false
    }
  },
  "chunks": {
    "chunk-3AVX4FBZ": {
      "file": "chunk-3AVX4FBZ.js"
    },
    "chunk-HQIRIQNA": {
      "file": "chunk-HQIRIQNA.js"
    },
    "chunk-ALSRIQ4D": {
      "file": "chunk-ALSRIQ4D.js"
    },
    "chunk-L2646SST": {
      "file": "chunk-L2646SST.js"
    }
  }
}